keyword,search_volume,competition,competition_index,cpc,low_top_of_page_bid,high_top_of_page_bid
cacao nibs,33100,HIGH,99,0.56,0.13,2.7
fair trade cocoa,9900,MEDIUM,42,3.58,0.51,4.56
ceremonial cacao,8100,HIGH,100,2.92,0.85,3.61
raw cacao beans,3600,HIGH,67,0.76,0.31,1.74
raw cacao nibs,2900,HIGH,100,0.71,0.15,1.87
unsweetened cacao nibs,2900,MEDIUM,39,0.27,0.17,0.98
cocoa nibs raw,2900,HIGH,100,0.71,0.15,1.87
organic cacao nibs,1900,HIGH,100,1.31,0.37,3.28
cacao nibs organic,1900,HIGH,100,1.31,0.37,3.28
cacao beans for sale,1300,HIGH,100,0.89,0.25,2.08
cocoa origin,1300,LOW,4,0.98,0.07,1.21
organic fair trade cacao powder,1000,MEDIUM,37,0.77,0.38,2.86
navitas organic cacao nibs,1000,MEDIUM,37,0.63,0.2,0.95
navitas organics organic cacao nibs,1000,MEDIUM,37,0.63,0.2,0.95
cacao paste,880,HIGH,100,1.7,0.41,2.41
bulk cocoa powder,880,HIGH,100,1.83,0.73,3.69
navitas cacao nibs,720,HIGH,100,0.55,0.17,1.17
organic cacao beans,720,MEDIUM,59,1.08,0.3,2.37
navitas naturals cacao nibs,720,HIGH,100,0.55,0.17,1.17
cacao nibs whole foods,590,HIGH,93,0.57,0.47,0.91
cacao beans whole foods,590,HIGH,93,0.57,0.47,0.91
cocoa nibs whole foods,590,HIGH,93,0.57,0.47,0.91
keiths cacao,480,HIGH,97,3.33,1.34,3.71
best ceremonial cacao,480,HIGH,100,3.26,0.8,4.94
ceremonial cacao powder,480,HIGH,99,2.44,0.47,3.67
volupta cacao powder,480,HIGH,100,0.36,0.24,1.55
cocoa nibs where to buy,480,HIGH,100,0.37,0.14,1.29
origin cacao,480,LOW,9,1.01,0.35,1.9
cacao chips,390,HIGH,100,0.47,0.2,0.91
ceremonial cacao near me,390,HIGH,100,1.09,0.48,2.35
bulk cacao nibs,320,HIGH,100,3.94,1.05,6.61
keith's cacao,320,HIGH,91,3.12,1.26,3.36
cocoa nibs bulk,320,HIGH,100,3.94,1.05,6.61
sweet cacao nibs,320,HIGH,100,0.32,0.3,2.2
sweetened cacao nibs,320,HIGH,100,0.32,0.3,2.2
chocolate beans bulk,320,HIGH,100,3.94,1.05,6.61
cacao nibs sweetened,320,HIGH,100,0.32,0.3,2.2
sweetened cocoa nibs,320,HIGH,100,0.32,0.3,2.2
fair trade cocoa powder,260,HIGH,99,2.09,0.42,4.01
organic raw cacao nibs,260,HIGH,100,1.44,0.32,2.35
ora ceremonial cacao,260,HIGH,100,2.18,0.98,5.26
fairtrade cocoa powder,260,HIGH,99,2.09,0.42,4.01
bulk baking cocoa,260,HIGH,99,1.83,0.53,3.01
cacao nibs vegan,260,LOW,13,0.25,,
wholesale cacao,210,HIGH,100,3.78,1.23,6.65
bulk cacao powder,210,HIGH,100,3.01,0.66,3
ceremonial cacao paste,210,HIGH,78,2.85,0.7,3.01
cacao nibs wholesale,210,HIGH,100,3.78,1.23,6.65
navitas cacao butter,210,HIGH,100,0.9,0.25,1.12
cocoa nibs wholesale,210,HIGH,100,3.78,1.23,6.65
wholesale cocoa beans,210,HIGH,100,3.78,1.23,6.65
wholesale cacao beans,210,HIGH,100,3.78,1.23,6.65
navitas organic cacao,210,HIGH,88,0.69,0.23,1.09
organic fair trade cocoa,210,HIGH,100,2.87,1.32,3.95
sacred cacao,170,HIGH,100,1.86,0.71,2.01
organic ceremonial cacao,170,HIGH,99,2.67,1.36,4.6
raw cacao paste,170,MEDIUM,54,2,0.33,2.33
carob nibs,170,HIGH,100,0.6,0.23,1.9
raw cacao beans for sale,170,HIGH,100,0.88,0.24,1.36
bulk hot cocoa powder,170,HIGH,100,1.28,0.3,3.99
raw chocolate nibs,170,HIGH,100,0.71,0.22,2.44
fair trade cacao,140,HIGH,85,4.69,1.22,4.93
bulk organic cacao powder,140,HIGH,100,3.03,0.72,3.81
equal exchange cocoa powder,140,HIGH,100,1.95,0.35,7.68
bulk organic cocoa powder,140,HIGH,100,3.03,0.72,3.81
fair trade cocoa beans,140,HIGH,85,4.69,1.22,4.93
cacao trade,140,LOW,12,0.01,,
ceremonial cacao ceremony,140,HIGH,70,0.62,0.32,1.91
cocoa brazil,140,LOW,27,0.28,,
single origin cacao,110,HIGH,95,1.78,1.14,2.08
ceremonial chocolate,110,HIGH,100,3.78,0.97,3.39
cocoa powder wholesale,110,HIGH,100,2.52,1.44,6.27
ceremonial cacao block,110,HIGH,99,2.37,0.74,3.2
wholesale cacao powder,110,HIGH,100,2.52,1.44,6.27
bulk dutch cocoa powder,110,HIGH,100,2.42,0.42,2.82
organic raw cacao beans,110,HIGH,73,0.94,0.24,1.34
single origin cocoa,110,HIGH,95,1.78,1.14,2.08
single origin cocoa beans,110,HIGH,95,1.78,1.14,2.08
buy cacao nibs,90,HIGH,100,1.13,0.33,3.76
organic cacao paste,90,HIGH,100,1.62,0.62,3.04
cacao nibs for sale,90,HIGH,100,0.82,0.25,2.1
fair trade cacao powder,90,HIGH,100,1.12,0.36,2.75
chocolate nibs for sale,90,HIGH,100,0.82,0.25,2.1
terrasoul cacao nibs,90,HIGH,100,0.26,0.23,1.7
cocoa nibs buy,90,HIGH,100,1.13,0.33,3.76
healthy cacao nibs,90,MEDIUM,44,1.54,0.05,3.53
ceremony cacao,70,HIGH,100,2.15,0.61,2.73
sacred cacao ceremony,70,MEDIUM,51,1.34,0.15,0.86
keith cacao,70,HIGH,95,8.96,1.46,3.85
pure ceremonial cacao,70,HIGH,100,2.58,0.93,3.51
ceremonial cacao for sale,70,HIGH,100,3.23,0.91,4.45
cacao lab ceremonial cacao,70,HIGH,100,2.14,0.36,2.81
sacred cocoa,70,HIGH,95,2.23,,
organic cacao butter bulk,70,HIGH,100,3.57,0.92,5
organic fair trade cocoa powder,70,HIGH,97,1.1,0.44,3.71
anthony's cacao nibs,70,HIGH,100,0.85,0.23,1.18
anthony's cocoa nibs,70,HIGH,100,0.85,0.23,1.18
ceremonial cacao reddit,70,HIGH,76,4.54,,
kakao ceremonial cacao,70,HIGH,100,2.61,1.18,4.04
navitas organic cacao butter,70,HIGH,76,0.85,0.13,1.25
viva naturals organic cacao nibs,70,HIGH,68,0.57,0.46,1.09
buy ceremonial cacao,50,HIGH,100,2.46,0.74,4.2
bulk cocoa beans,50,HIGH,100,1.72,0.38,1.69
kakao ceremonial drinking chocolate,50,HIGH,98,1.01,1.18,3.99
viva naturals cacao nibs,50,HIGH,100,0.68,0.61,1.59
100 cacao nibs,50,HIGH,100,0.8,0.27,2.12
amazon rainforest cacao tree,50,LOW,11,,,
bulk chocolate beans,50,HIGH,100,1.72,0.38,1.69
ceremonial cacao whole foods,50,HIGH,100,1.34,0.48,1.77
mayan cacao ceremony,50,MEDIUM,42,1.87,0.23,1.37
navitas organic cacao sweet nibs,50,MEDIUM,46,0.36,,
pure cacao beans,50,HIGH,97,1.5,0.35,2.33
superfood cacao nibs,50,MEDIUM,63,0.67,,
brazilian cacao,40,HIGH,83,5.6,0.28,4.66
organic cacao nibs bulk,40,HIGH,100,4.55,1.29,4.41
raw ceremonial cacao,40,HIGH,100,1.4,0.46,2.83
pure cacao nibs,40,HIGH,98,1.74,0.28,1.74
anthony's organic cocoa nibs,40,HIGH,100,0.93,0.3,1.07
cacao spiritual,40,MEDIUM,52,0.49,0.43,3.91
navitas cacao sweet nibs,40,HIGH,100,0.46,0.24,0.73
organic fair trade cacao powder costco,40,HIGH,98,0.69,0.14,0.53
pure cocoa nibs,40,HIGH,98,1.74,0.28,1.74
volupta organic cacao powder,40,HIGH,100,0.61,,
cacao for ceremony,30,HIGH,100,2,0.61,2.8
keith's ceremonial cacao,30,HIGH,99,1.62,0.92,4.1
natierra cacao nibs,30,HIGH,100,1.17,,
roasted cacao beans for sale,30,HIGH,100,0.25,,
buy cocoa powder in bulk,30,HIGH,100,6.27,1.13,5.36
raw organic cacao paste,30,HIGH,100,0.91,0.48,1.91
best organic cacao nibs,30,HIGH,100,0.76,0.2,1.11
cacao amazon rainforest,30,LOW,19,0.17,,
cacao nibs to powder,30,HIGH,89,0.38,,
cacao tree amazon rainforest,30,LOW,0,,,
eating cacao beans,30,LOW,3,,,
ethical cocoa powder,30,HIGH,90,0.35,,
fair trade baking cocoa,30,HIGH,100,1.29,0.83,4.47
nativa cacao nibs,30,HIGH,100,0.61,0.22,0.77
raw cacao ceremony,30,MEDIUM,63,0.4,,
raw chocolate beans,30,HIGH,89,0.15,0.31,1.6
sunfood cacao nibs,30,HIGH,95,0.72,0.42,0.82
volupta cacao,30,HIGH,100,0.34,,
volupta organic fair trade cacao powder,30,HIGH,100,0.37,,
raw cacao powder bulk,20,HIGH,100,2.12,0.2,1.66
cacao beans bulk,20,HIGH,100,0.74,0.39,0.77
ceremonial hot chocolate,20,HIGH,91,2.8,0.97,3.96
organic cacao chips,20,HIGH,100,2.24,0.3,1.74
criollo ceremonial cacao,20,HIGH,100,4.09,1.05,3.29
buy raw cacao beans,20,HIGH,100,0.53,0.22,0.77
criollo cacao nibs,20,HIGH,100,0.72,0.4,1.71
organic traditions cacao nibs,20,HIGH,100,0.58,0.39,1.07
100 ceremonial cacao,20,HIGH,85,1.82,0.93,2.34
brazilian keratin cacau,20,HIGH,100,1.01,0.39,2.25
buy raw cocoa beans,20,HIGH,100,0.53,0.22,0.77
cacao beans for sale near me,20,HIGH,98,0.39,,
cacao ceremony what is it,20,LOW,21,0.52,0.05,0.28
cacao drinking ceremony,20,HIGH,75,1.02,0.36,2.55
cacao pieces,20,HIGH,100,0.21,,
cacao powder volupta,20,HIGH,100,0.08,,
ceremonial cacao what is it,20,HIGH,86,,,
cocoa powder bulk price,20,HIGH,100,0.54,0.23,2.87
eating cacao nibs,20,LOW,29,,,
healthworks cacao nibs,20,HIGH,94,0.17,,
imlak esh cacao nibs,20,HIGH,96,2.29,0.27,1.2
nana marinas cacao,20,HIGH,100,0.97,1.45,3.6
navitas nibs,20,HIGH,100,1.08,0.36,1.14
organic cacao powder wholesale,20,HIGH,84,5.22,1.89,10
organic chocolate nibs,20,HIGH,100,0.17,,
organic cocoa powder wholesale,20,HIGH,84,5.22,1.89,10
peruvian cacao ceremony,20,HIGH,100,6.87,0.53,1.28
trade cocoa,20,HIGH,80,0.02,,
traditional cacao ceremony,20,MEDIUM,35,0.82,,
whole foods ceremonial cacao,20,HIGH,100,0.66,0.5,2.67
cacao paste ceremonial,10,HIGH,75,0.18,,
regenerative cacao,10,HIGH,100,1.04,0.48,3.59
brasil cacau professional,10,HIGH,100,,,
sacred earth cacao,10,HIGH,100,,,
seleno health cacao,10,HIGH,97,0.96,0.76,3.48
ceremonial cacao wholesale,10,HIGH,98,7.45,1.61,7.69
wholesale ceremonial cacao,10,HIGH,100,1.34,0.72,4.66
sacred taste cacao,10,HIGH,100,0.52,,
brasil cacau eco keratin,10,MEDIUM,50,0.42,,
cacao nibs 1kg,10,,,,,
best cacao for ceremony,10,HIGH,100,3.53,0.6,4.51
ceremonial cacao 1kg,10,,,,,
keratin brasil cacau,10,HIGH,100,1.14,,
kakao ceremonial,10,HIGH,100,5.13,1.21,3.31
firefly chocolate ceremonial cacao,10,HIGH,100,2.62,,
cacao brazil keratin,10,LOW,0,,,
ceremonial raw cacao,10,MEDIUM,57,2.7,,
cacao for cacao ceremony,10,HIGH,100,1.28,0.32,2.17
nibmor extreme dark chocolate,10,,,,,
sacred ceremonial cacao,10,HIGH,100,,,
ceremonial drinking cacao,10,HIGH,100,9.9,1.08,3.66
cacao drops,10,HIGH,94,0.35,,
brasil cacau kit,10,HIGH,100,1.14,,
forever ceremonial cacao,10,HIGH,100,,,
raw cacao beans bulk,10,HIGH,100,2.96,,
ceremonial cacao firefly,10,,,,,
firefly ceremonial cacao,10,HIGH,84,1.65,0.44,3.41
keith's cacao ceremony,10,LOW,0,,,
keratin cacau treatment,10,HIGH,100,1.64,,
buy cocoa beans wholesale,10,HIGH,71,3.35,,
raw cacao bulk,10,HIGH,100,2.07,1.7,4.54
cocoa powder wholesale price,10,HIGH,100,5.47,,
seleno cacao,10,HIGH,67,,,
cacao ceremony chocolate,10,HIGH,100,3.45,1.36,3.13
ceremonial drinking chocolate,10,HIGH,75,2.41,,
sacred earth ceremonial cacao,10,HIGH,75,,,
navitas cacao nibs 16 oz,10,HIGH,97,1.49,0.32,1.13
alovitox cacao nibs,10,HIGH,100,,,
anthony's organic cacao nibs,10,HIGH,98,0.84,0.31,0.59
best raw cacao nibs,10,HIGH,100,0.59,0.27,0.86
brasil cacau eco,10,,,,,
brasil cacau ecokeratin,10,,,,,
brasil keratin cacau,10,,,,,
bulk baking cocoa powder,10,HIGH,85,0.87,,
bulk powders cacao,10,,,,,
buy cacao nibs online,10,HIGH,100,0.35,,
buy wholesale cacao beans,10,,,,,
cacao blessings,10,LOW,14,,,
cacao ceremony how to,10,MEDIUM,49,0.75,0.15,1.32
cacao ceremony online,10,HIGH,100,,,
cacao ceremony price,10,LOW,0,,,
cacao keith,10,MEDIUM,64,1.37,,
cacao nibs brands,10,HIGH,71,,,
cacao nibs co to jest,10,MEDIUM,43,,,
cacao nibs fermented,10,HIGH,100,0.75,,
cacao nibs online,10,HIGH,100,,,
cacao nibs price,10,HIGH,100,,,
cacao nibs shelf life,10,LOW,8,,,
cacao nibs to cacao powder,10,LOW,21,,,
cacao nibs vitamin shoppe,10,HIGH,100,,,
cacao nibs with coconut sugar,10,HIGH,100,,,
cacao powder ceremony,10,HIGH,100,0.34,,
cacao sacred,10,HIGH,100,,0.83,1.54
cacao tea ceremony,10,MEDIUM,64,,,
cadiveu brasil cacau keratin,10,MEDIUM,60,0.53,,
ceremonial cacao before bed,10,MEDIUM,48,6.16,,
ceremony cacao buy,10,HIGH,100,3.43,,
cocoa wholesale price,10,LOW,24,2.49,,
crushed cacao nibs,10,HIGH,89,0.34,,
direct trade cacao,10,HIGH,79,,,
earth circle organics cacao nibs,10,HIGH,100,0.09,,
eating raw cacao nibs,10,LOW,0,,,
equal exchange organic cocoa powder,10,HIGH,91,0.16,,
essential living cacao nibs,10,,,,,
essential living foods cacao nibs,10,MEDIUM,50,,,
fair trade cacao nibs,10,HIGH,100,1.54,1.13,4.3
fair trade dutch process cocoa,10,HIGH,100,,,
food to live organic cacao beans,10,MEDIUM,49,,,
imlak esh organics cacao nibs,10,LOW,7,,,
jennies organic coconut bites with cacao nibs,10,HIGH,79,0.38,,
keratin treatment brazilian cacau,10,HIGH,100,,,
loving earth cacao nibs,10,,,,,
making ceremonial cacao,10,HIGH,83,0.31,0.22,0.54
mama cacao ceremony,10,MEDIUM,34,,,
mars fairtrade,10,LOW,0,,,
natierra organic cacao nibs,10,MEDIUM,37,0.01,,
natural cacao nibs,10,HIGH,100,1,,
navitas cacao nibs 8 oz,10,HIGH,84,0.58,,
navitas cacao nibs cadmium,10,,,,,
navitas chocolate nibs,10,HIGH,100,0.62,,
navitas raw cacao,10,HIGH,100,0.67,0.17,0.99
navitas raw cacao nibs,10,HIGH,100,0.18,,
nib mor organic dark chocolate,10,HIGH,97,,,
nibmor extreme dark chocolate with cacao nibs,10,LOW,0,,,
now foods organic raw cacao nibs,10,MEDIUM,64,1.06,,
nutiva cacao nibs,10,HIGH,100,0.99,,
ojio cacao nibs,10,,,,,
ora cacao ceremony,10,HIGH,100,5.13,,
organic cacao nibs navitas,10,HIGH,100,0.59,,
organic roasted cacao nibs,10,HIGH,100,2.36,,
organic sweet cacao nibs,10,HIGH,100,0.65,,
peruvian cacao nibs,10,MEDIUM,58,0.46,,
peruvian cacao nibs essential living foods,10,,,,,
preparing cacao,10,LOW,16,0.17,0.05,0.6
preparing cacao for ceremony,10,MEDIUM,57,0.33,0.22,0.88
preparing ceremonial cacao,10,HIGH,94,1.28,0.16,0.94
raw cacao chips,10,HIGH,100,0.69,,
raw cacao nibs bulk,10,HIGH,100,2.96,,
raw cacao nibs whole foods,10,HIGH,97,0.49,0.46,0.9
raw cacao nuts,10,HIGH,100,0.36,,
raw cacao wholesale,10,HIGH,100,0.57,,
raw whole cacao beans,10,HIGH,88,0.19,,
rebekah shaman cacao,10,,,,,
rebekah shaman cacao ceremony,10,LOW,0,,,
safest cacao nibs,10,HIGH,100,,,
spiritual cacao,10,HIGH,100,4.25,0.67,3.39
spiritual cacao ceremony,10,HIGH,86,5.01,,
sprouted cacao nib instant oatmeal,10,HIGH,100,0.25,,
sunfood organic cacao nibs,10,HIGH,75,1.55,,
sunfood superfoods cacao nibs,10,LOW,0,,,
sweet nibs,10,LOW,31,,,
tantric rose cacao,10,MEDIUM,57,0.85,,
terrasoul superfoods organic raw cacao nibs,10,MEDIUM,65,,,
the cacao nibs,10,LOW,0,,,
tsatsayaku cacao,10,,,,,
unrefined cocoa nibs,10,HIGH,82,0.52,,
vitacost cacao nibs,10,HIGH,100,0.25,,
viva cacao nibs,10,HIGH,100,0.6,,
volupta organic & fair trade unsweetened super food cacao powder,10,HIGH,100,0.18,,
volupta organic fair trade cacao powder 32 oz,10,HIGH,100,0.02,,
wholesale price of cocoa beans,10,,,,,
zint cacao nibs,10,HIGH,100,,,
8435030599996,0,,,,,
brazilian ecokeratin brasil cacau,0,,,,,
healthworks cacao nibs raw organic criollo bean,0,,,,,
made by grinding roasted cacao beans,0,,,,,
organic cacao beans non gmo,0,,,,,
ceremonial grade cacao,,,,,,
amazon rainforest cacao,,,,,,
